,Well,Fluor,Target,Content,Sample,Biological Set Name,Cq,Cq Mean,Cq Std. Dev,Starting Quantity (SQ),Log Starting Quantity,SQ Mean,SQ Std. Dev,Set Point,Well Note
,A07,SYBR,mCherry,Unkn-07,96-7,,30.328826810905,30.1667501047514,0.189794778003742,148.639053190892,2.17213293026582,166.236454907453,21.1574939767425,67,
,A10,SYBR,mCherry,Unkn-10,96-10,,35.8738258073701,35.8308835861262,0.556778832486714,3.87143703197546,0.587872199958071,4.16499684950011,1.53048698982078,67,
,A11,SYBR,mCherry,Unkn-11,96-11,,36.9114661193293,36.5235862288566,0.33920339686615,1.95617705715233,0.291408161016093,2.56524517893507,0.534914689883342,67,
,B07,SYBR,mCherry,Unkn-07,96-7,,30.2134631264198,30.1667501047514,0.189794778003742,160.35904793718,2.20509346914959,166.236454907453,21.1574939767425,67,
,B10,SYBR,mCherry,Unkn-10,96-10,,36.3649479311965,35.8308835861262,0.556778832486714,2.80255265258368,0.447553780593237,4.16499684950011,1.53048698982078,67,
,B11,SYBR,mCherry,Unkn-11,96-11,,36.2825205223989,36.5235862288566,0.33920339686615,2.95872159601303,0.471104101692014,2.56524517893507,0.534914689883342,67,
,C07,SYBR,mCherry,Unkn-07,96-7,,29.9579603769294,30.1667501047514,0.189794778003742,189.711263594289,2.27809311671695,166.236454907453,21.1574939767425,67,
,C10,SYBR,mCherry,Unkn-10,96-10,,35.2538770198119,35.8308835861262,0.556778832486714,5.8210008639412,0.764997663741996,4.16499684950011,1.53048698982078,67,
,C11,SYBR,mCherry,Unkn-11,96-11,,36.3767720448416,36.5235862288566,0.33920339686615,2.78083688363986,0.444175515073173,2.56524517893507,0.534914689883342,67,
